{
    "Quận 1": [
        106.69935689823112,
        10.774845500000001
    ],
    "Quận 2": [
        106.63456985348296,
        10.74653485
    ],
    "Quận 3": [
        106.6870307478091,
        10.778752650000001
    ],
    "Quận 4": [
        106.70718436949765,
        10.760783400000001
    ],
    "Quận 5": [
        106.6683065744068,
        10.75568335
    ],
    "Quận 6": [
        106.63910717557408,
        10.745868250000001
    ],
    "Quận 7": [
        106.72965167250335,
        10.7374992
    ],
    "Quận 8": [
        106.62949387003158,
        10.7220335
    ],
    "Quận 9": [
        106.7715507,
        10.8311346
    ],
    "Quận 10": [
        106.66821544343898,
        10.7726536
    ],
    "Quận 11": [
        106.6475594370616,
        10.7659529
    ],
    "Quận 12": [
        106.66424455306318,
        10.8615373
    ],
    "Bình Tân": [
        106.6032702,
        10.7820563
    ],
    "Bình Thạnh": [
        106.5878711,
        10.8041602
    ],
    "Gò Vấp": [
        106.6403038,
        10.8440568
    ],
    "Phú Nhuận": [
        106.68208611544038,
        10.7922773
    ],
    "Tân Bình": [
        106.66523106900442,
        10.797672200000001
    ],
    "Tân Phú": [
        106.7261695,
        10.727068
    ],
    "Thủ Đức": [
        106.7617899,
        10.8298295
    ]
}